Workbook
Name Slicer_STATUS: #N/A

Sheet Sheet1
A1: MONTH | B1: YEAR | C1: DATE | D1: DATE
A2: JANUARY | B2: 2023 | C2: =DATEVALUE("1"&'ATTENDANCE REGI'!M5&'ATTENDANCE REGI'!M3) -> 46204 | D2: =DATEVALUE("1"&'ATTENDANCE REGI'!V5&'ATTENDANCE REGI'!V3) -> 46357
A3: FEBRUARY | B3: 2024 | C3: =IFERROR(IF(C2+1>$A$14,"",C2+1),"") -> 46205 | D3: =IFERROR(IF(D2+1>$B$14,"",D2+1),"") -> 46358
A4: MARCH | B4: 2025 | C4: =IFERROR(IF(C3+1>$A$14,"",C3+1),"") -> 46206 | D4: =IFERROR(IF(D3+1>$B$14,"",D3+1),"") -> 46359
A5: APRIL | B5: 2026 | C5: =IFERROR(IF(C4+1>$A$14,"",C4+1),"") -> 46207 | D5: =IFERROR(IF(D4+1>$B$14,"",D4+1),"") -> 46360
A6: MAY | B6: 2027 | C6: =IFERROR(IF(C5+1>$A$14,"",C5+1),"") -> 46208 | D6: =IFERROR(IF(D5+1>$B$14,"",D5+1),"") -> 46361
A7: JUNE | B7: 2028 | C7: =IFERROR(IF(C6+1>$A$14,"",C6+1),"") -> 46209 | D7: =IFERROR(IF(D6+1>$B$14,"",D6+1),"") -> 46362
A8: JULY | B8: 2029 | C8: =IFERROR(IF(C7+1>$A$14,"",C7+1),"") -> 46210 | D8: =IFERROR(IF(D7+1>$B$14,"",D7+1),"") -> 46363
A9: AUGUST | B9: 2030 | C9: =IFERROR(IF(C8+1>$A$14,"",C8+1),"") -> 46211 | D9: =IFERROR(IF(D8+1>$B$14,"",D8+1),"") -> 46364
A10: SEPTEMBER | B10: 2031 | C10: =IFERROR(IF(C9+1>$A$14,"",C9+1),"") -> 46212 | D10: =IFERROR(IF(D9+1>$B$14,"",D9+1),"") -> 46365
A11: OCTOBER | B11: 2032 | C11: =IFERROR(IF(C10+1>$A$14,"",C10+1),"") -> 46213 | D11: =IFERROR(IF(D10+1>$B$14,"",D10+1),"") -> 46366
A12: NOVEMBER | B12: 2033 | C12: =IFERROR(IF(C11+1>$A$14,"",C11+1),"") -> 46214 | D12: =IFERROR(IF(D11+1>$B$14,"",D11+1),"") -> 46367
A13: DECEMBER | B13: 2034 | C13: =IFERROR(IF(C12+1>$A$14,"",C12+1),"") -> 46215 | D13: =IFERROR(IF(D12+1>$B$14,"",D12+1),"") -> 46368
A14: =EOMONTH(C2,0) -> 46234 | B14: =EOMONTH(D2,0) -> 46387 | C14: =IFERROR(IF(C13+1>$A$14,"",C13+1),"") -> 46216 | D14: =IFERROR(IF(D13+1>$B$14,"",D13+1),"") -> 46369
C15: =IFERROR(IF(C14+1>$A$14,"",C14+1),"") -> 46217 | D15: =IFERROR(IF(D14+1>$B$14,"",D14+1),"") -> 46370
C16: =IFERROR(IF(C15+1>$A$14,"",C15+1),"") -> 46218 | D16: =IFERROR(IF(D15+1>$B$14,"",D15+1),"") -> 46371
C17: =IFERROR(IF(C16+1>$A$14,"",C16+1),"") -> 46219 | D17: =IFERROR(IF(D16+1>$B$14,"",D16+1),"") -> 46372
C18: =IFERROR(IF(C17+1>$A$14,"",C17+1),"") -> 46220 | D18: =IFERROR(IF(D17+1>$B$14,"",D17+1),"") -> 46373
C19: =IFERROR(IF(C18+1>$A$14,"",C18+1),"") -> 46221 | D19: =IFERROR(IF(D18+1>$B$14,"",D18+1),"") -> 46374
C20: =IFERROR(IF(C19+1>$A$14,"",C19+1),"") -> 46222 | D20: =IFERROR(IF(D19+1>$B$14,"",D19+1),"") -> 46375
C21: =IFERROR(IF(C20+1>$A$14,"",C20+1),"") -> 46223 | D21: =IFERROR(IF(D20+1>$B$14,"",D20+1),"") -> 46376
C22: =IFERROR(IF(C21+1>$A$14,"",C21+1),"") -> 46224 | D22: =IFERROR(IF(D21+1>$B$14,"",D21+1),"") -> 46377
C23: =IFERROR(IF(C22+1>$A$14,"",C22+1),"") -> 46225 | D23: =IFERROR(IF(D22+1>$B$14,"",D22+1),"") -> 46378
C24: =IFERROR(IF(C23+1>$A$14,"",C23+1),"") -> 46226 | D24: =IFERROR(IF(D23+1>$B$14,"",D23+1),"") -> 46379
C25: =IFERROR(IF(C24+1>$A$14,"",C24+1),"") -> 46227 | D25: =IFERROR(IF(D24+1>$B$14,"",D24+1),"") -> 46380
C26: =IFERROR(IF(C25+1>$A$14,"",C25+1),"") -> 46228 | D26: =IFERROR(IF(D25+1>$B$14,"",D25+1),"") -> 46381
... C32: =IFERROR(IF(C31+1>$A$14,"",C31+1),"") -> 46234 | D32: =IFERROR(IF(D31+1>$B$14,"",D31+1),"") -> 46387

Sheet ATTENDANCE REGI
A1: ATTENDANCE REGISTAR | K1: START DATE OF CLASS | T1: END DATE OF CLASS
A3: SUBJECT NAME :-Statistical Tool in BA | K3: YEAR | M3: 2026 | O3: DATE | Q3: 46223 | T3: YEAR | V3: 2026 | X3: DATE | Z3: 46387
A5: PROF. NAME:- Dr. Prashant trivedi | K5: MONTH | M5: JULY | O5: =Q3 -> 46223 | T5: MONTH | V5: DECEMBER | X5: =Z3 -> 46387
A9: SR. NO. | B9: STU. NAME | C9: =TEXT(C10,"DDD") -> Mon | D9: =TEXT(D10,"DDD") -> Tue | E9: =TEXT(E10,"DDD") -> Wed | F9: =TEXT(F10,"DDD") -> Thu | G9: =TEXT(G10,"DDD") -> Fri | H9: =TEXT(H10,"DDD") -> Sat | I9: =TEXT(I10,"DDD") -> Sun | J9: =TEXT(J10,"DDD") -> Mon | ... FX9: =TEXT(FX10,"DDD")
C10: =Q3 -> 46223 | D10: =IFERROR(IF(C10+1>$Z$3,"",C10+1),"") -> 46224 | E10: =IFERROR(IF(D10+1>$Z$3,"",D10+1),"") -> 46225 | F10: =IFERROR(IF(E10+1>$Z$3,"",E10+1),"") -> 46226 | G10: =IFERROR(IF(F10+1>$Z$3,"",F10+1),"") -> 46227 | H10: =IFERROR(IF(G10+1>$Z$3,"",G10+1),"") -> 46228 | I10: =IFERROR(IF(H10+1>$Z$3,"",H10+1),"") -> 46229 | J10: =IFERROR(IF(I10+1>$Z$3,"",I10+1),"") -> 46230 | K10: =IFERROR(IF(J10+1>$Z$3,"",J10+1),"") -> 46231 | ... FX10: =IFERROR(IF(FW10+1>$Z$3,"",FW10+1),"")
A11: 1 | B11: Abhay Awasthi | C11: A | D11: P | E11: P | F11: CO | G11: CO | H11: CO | J11: A | K11: P | L11: A | M11: CO | N11: CO | O11: CO | Q11: P | R11: P | S11: P | T11: CO | U11: CO | V11: CO
A12: =A11+1 -> 2 | B12: Abhay Mahto | C12: P | D12: P | E12: P | J12: P | K12: P | L12: P | Q12: P | R12: P | S12: P
A13: =A12+1 -> 3 | B13: Abhimanyu | C13: A | D13: A | E13: A | J13: P | K13: P | L13: P | Q13: P | R13: P | S13: P
A14: =A13+1 -> 4 | B14: Aditi Jaiswal | C14: A | D14: A | E14: A | J14: A | K14: A | L14: A | Q14: A | R14: A | S14: A
A15: =A14+1 -> 5 | B15: Aditya Mishra | C15: A | D15: A | E15: A | J15: A | K15: A | L15: A | Q15: A | R15: A | S15: A
A16: =A15+1 -> 6 | B16: Akshay Kumar kanaujia | C16: P | D16: P | E16: P | J16: P | K16: P | L16: P | Q16: P | R16: P | S16: P
A17: =A16+1 -> 7 | B17: Aman Bajpai | C17: A | D17: A | E17: A | J17: P | K17: P | L17: P | Q17: A | R17: P | S17: A
A18: =A17+1 -> 8 | B18: Aman Kumar Yadav | C18: A | D18: A | E18: A | J18: P | K18: P | L18: A | Q18: P | R18: P | S18: A
A19: =A18+1 -> 9 | B19: Aman pratap | C19: P | D19: P | E19: P | J19: P | K19: P | L19: P | Q19: P | R19: P | S19: P
A20: =A19+1 -> 10 | B20: Aman singh chauhan | C20: P | D20: P | E20: P | J20: P | K20: P | L20: P | Q20: P | R20: P | S20: A
A21: =A20+1 -> 11 | B21: Anshika Bhadouria | C21: A | D21: A | E21: A | J21: A | K21: A | L21: A | Q21: A | R21: A | S21: A
A22: =A21+1 -> 12 | B22: Divyanshu Srivastava | C22: P | D22: P | E22: P | J22: P | K22: A | L22: P | Q22: P | R22: P | S22: A
A23: =A22+1 -> 13 | B23: Garima | C23: P | D23: P | E23: P | J23: A | K23: P | L23: P | Q23: P | R23: P | S23: P
... A55: =A54+1 -> 45 | B55: Vedant Gautam | C55: A | D55: A | E55: A | J55: A | K55: A | L55: P | Q55: A | R55: A | S55: A
B57: TOPIC:-
B61: TOTAL STUDENTS PRESENT | C61: =COUNTIF(C11:C55,"P") -> 14 | D61: =COUNTIF(D11:D55,"P") -> 20 | E61: =COUNTIF(E11:E55,"P") -> 29 | F61: =COUNTIF(F11:F55,"P") -> 0 | G61: =COUNTIF(G11:G55,"P") -> 0 | H61: =COUNTIF(H11:H55,"P") -> 0 | I61: =COUNTIF(I11:I55,"P") -> 0 | J61: =COUNTIF(J11:J55,"P") -> 25 | ... FX61: =COUNTIF(FX11:FX55,"P") -> 0

Sheet STUDENT DATA
A1: Sr. No. | B1: Student Name | C1: TOTAL CLASS | D1: PRESENT | E1: ABSENT | F1: % | G1: STATUS
A2: 1 | B2: Abhay Awasthi | C2: ='INDIVIDUAL ST DASHBOARD '!$C$11 -> 9 | D2: =COUNTIF(_xlfn.XLOOKUP(B2,'ATTENDANCE REGI'!B11:B55,'ATTENDANCE REGI'!C11:DR55,"NO DATA",0,1),"P") -> 6 | E2: =C2-D2 -> 3 | F2: =D2/(D2+E2) -> 0.66666667 | G2: {=_xlfn.IFS(Table2[[#This Row],[%]]>=75%,"REGULAR",Table2[[#This Row],[%]]<=49%,"IRREGULAR",75%>Table2[[#This Row],[%]]>49%,"AVERAGE ATT")} -> AVERAGE ATT
A3: =A2+1 -> 2 | B3: Abhay Mahto | C3: ='INDIVIDUAL ST DASHBOARD '!$C$11 -> 9 | D3: =COUNTIF(_xlfn.XLOOKUP(B3,'ATTENDANCE REGI'!B12:B56,'ATTENDANCE REGI'!C12:DR56,"NO DATA",0,1),"P") -> 9 | E3: =C3-D3 -> 0 | F3: =D3/(D3+E3) -> 1 | G3: {=_xlfn.IFS(Table2[[#This Row],[%]]>=75%,"REGULAR",Table2[[#This Row],[%]]<=49%,"IRREGULAR",75%>Table2[[#This Row],[%]]>49%,"AVERAGE ATT")} -> REGULAR
A4: =A3+1 -> 3 | B4: Abhimanyu | C4: ='INDIVIDUAL ST DASHBOARD '!$C$11 -> 9 | D4: =COUNTIF(_xlfn.XLOOKUP(B4,'ATTENDANCE REGI'!B13:B61,'ATTENDANCE REGI'!C13:DR61,"NO DATA",0,1),"P") -> 6 | E4: =C4-D4 -> 3 | F4: =D4/(D4+E4) -> 0.66666667 | G4: {=_xlfn.IFS(Table2[[#This Row],[%]]>=75%,"REGULAR",Table2[[#This Row],[%]]<=49%,"IRREGULAR",75%>Table2[[#This Row],[%]]>49%,"AVERAGE ATT")} -> AVERAGE ATT
A5: =A4+1 -> 4 | B5: Aditi Jaiswal | C5: ='INDIVIDUAL ST DASHBOARD '!$C$11 -> 9 | D5: =COUNTIF(_xlfn.XLOOKUP(B5,'ATTENDANCE REGI'!B14:B57,'ATTENDANCE REGI'!C14:DR57,"NO DATA",0,1),"P") -> 0 | E5: =C5-D5 -> 9 | F5: =D5/(D5+E5) -> 0 | G5: {=_xlfn.IFS(Table2[[#This Row],[%]]>=75%,"REGULAR",Table2[[#This Row],[%]]<=49%,"IRREGULAR",75%>Table2[[#This Row],[%]]>49%,"AVERAGE ATT")} -> IRREGULAR
A6: =A5+1 -> 5 | B6: Aditya Mishra | C6: ='INDIVIDUAL ST DASHBOARD '!$C$11 -> 9 | D6: =COUNTIF(_xlfn.XLOOKUP(B6,'ATTENDANCE REGI'!B15:B58,'ATTENDANCE REGI'!C15:DR58,"NO DATA",0,1),"P") -> 0 | E6: =C6-D6 -> 9 | F6: =D6/(D6+E6) -> 0 | G6: {=_xlfn.IFS(Table2[[#This Row],[%]]>=75%,"REGULAR",Table2[[#This Row],[%]]<=49%,"IRREGULAR",75%>Table2[[#This Row],[%]]>49%,"AVERAGE ATT")} -> IRREGULAR
A7: =A6+1 -> 6 | B7: Akshay Kumar kanaujia | C7: ='INDIVIDUAL ST DASHBOARD '!$C$11 -> 9 | D7: =COUNTIF(_xlfn.XLOOKUP(B7,'ATTENDANCE REGI'!B16:B59,'ATTENDANCE REGI'!C16:DR59,"NO DATA",0,1),"P") -> 9 | E7: =C7-D7 -> 0 | F7: =D7/(D7+E7) -> 1 | G7: {=_xlfn.IFS(Table2[[#This Row],[%]]>=75%,"REGULAR",Table2[[#This Row],[%]]<=49%,"IRREGULAR",75%>Table2[[#This Row],[%]]>49%,"AVERAGE ATT")} -> REGULAR
A8: =A7+1 -> 7 | B8: Aman Bajpai | C8: ='INDIVIDUAL ST DASHBOARD '!$C$11 -> 9 | D8: =COUNTIF(_xlfn.XLOOKUP(B8,'ATTENDANCE REGI'!B17:B60,'ATTENDANCE REGI'!C17:DR60,"NO DATA",0,1),"P") -> 4 | E8: =C8-D8 -> 5 | F8: =D8/(D8+E8) -> 0.44444444 | G8: {=_xlfn.IFS(Table2[[#This Row],[%]]>=75%,"REGULAR",Table2[[#This Row],[%]]<=49%,"IRREGULAR",75%>Table2[[#This Row],[%]]>49%,"AVERAGE ATT")} -> IRREGULAR
A9: =A8+1 -> 8 | B9: Aman Kumar Yadav | C9: ='INDIVIDUAL ST DASHBOARD '!$C$11 -> 9 | D9: =COUNTIF(_xlfn.XLOOKUP(B9,'ATTENDANCE REGI'!B18:B62,'ATTENDANCE REGI'!C18:DR62,"NO DATA",0,1),"P") -> 4 | E9: =C9-D9 -> 5 | F9: =D9/(D9+E9) -> 0.44444444 | G9: {=_xlfn.IFS(Table2[[#This Row],[%]]>=75%,"REGULAR",Table2[[#This Row],[%]]<=49%,"IRREGULAR",75%>Table2[[#This Row],[%]]>49%,"AVERAGE ATT")} -> IRREGULAR
A10: =A9+1 -> 9 | B10: Aman pratap | C10: ='INDIVIDUAL ST DASHBOARD '!$C$11 -> 9 | D10: =COUNTIF(_xlfn.XLOOKUP(B10,'ATTENDANCE REGI'!B19:B63,'ATTENDANCE REGI'!C19:DR63,"NO DATA",0,1),"P") -> 9 | E10: =C10-D10 -> 0 | F10: =D10/(D10+E10) -> 1 | G10: {=_xlfn.IFS(Table2[[#This Row],[%]]>=75%,"REGULAR",Table2[[#This Row],[%]]<=49%,"IRREGULAR",75%>Table2[[#This Row],[%]]>49%,"AVERAGE ATT")} -> REGULAR
A11: =A10+1 -> 10 | B11: Aman singh chauhan | C11: ='INDIVIDUAL ST DASHBOARD '!$C$11 -> 9 | D11: =COUNTIF(_xlfn.XLOOKUP(B11,'ATTENDANCE REGI'!B20:B64,'ATTENDANCE REGI'!C20:DR64,"NO DATA",0,1),"P") -> 8 | E11: =C11-D11 -> 1 | F11: =D11/(D11+E11) -> 0.88888889 | G11: {=_xlfn.IFS(Table2[[#This Row],[%]]>=75%,"REGULAR",Table2[[#This Row],[%]]<=49%,"IRREGULAR",75%>Table2[[#This Row],[%]]>49%,"AVERAGE ATT")} -> REGULAR
A12: =A11+1 -> 11 | B12: Anshika Bhadouria | C12: ='INDIVIDUAL ST DASHBOARD '!$C$11 -> 9 | D12: =COUNTIF(_xlfn.XLOOKUP(B12,'ATTENDANCE REGI'!B21:B65,'ATTENDANCE REGI'!C21:DR65,"NO DATA",0,1),"P") -> 0 | E12: =C12-D12 -> 9 | F12: =D12/(D12+E12) -> 0 | G12: {=_xlfn.IFS(Table2[[#This Row],[%]]>=75%,"REGULAR",Table2[[#This Row],[%]]<=49%,"IRREGULAR",75%>Table2[[#This Row],[%]]>49%,"AVERAGE ATT")} -> IRREGULAR
A13: =A12+1 -> 12 | B13: Divyanshu Srivastava | C13: ='INDIVIDUAL ST DASHBOARD '!$C$11 -> 9 | D13: =COUNTIF(_xlfn.XLOOKUP(B13,'ATTENDANCE REGI'!B22:B66,'ATTENDANCE REGI'!C22:DR66,"NO DATA",0,1),"P") -> 7 | E13: =C13-D13 -> 2 | F13: =D13/(D13+E13) -> 0.77777778 | G13: {=_xlfn.IFS(Table2[[#This Row],[%]]>=75%,"REGULAR",Table2[[#This Row],[%]]<=49%,"IRREGULAR",75%>Table2[[#This Row],[%]]>49%,"AVERAGE ATT")} -> REGULAR
A14: =A13+1 -> 13 | B14: Garima | C14: ='INDIVIDUAL ST DASHBOARD '!$C$11 -> 9 | D14: =COUNTIF(_xlfn.XLOOKUP(B14,'ATTENDANCE REGI'!B23:B67,'ATTENDANCE REGI'!C23:DR67,"NO DATA",0,1),"P") -> 8 | E14: =C14-D14 -> 1 | F14: =D14/(D14+E14) -> 0.88888889 | G14: {=_xlfn.IFS(Table2[[#This Row],[%]]>=75%,"REGULAR",Table2[[#This Row],[%]]<=49%,"IRREGULAR",75%>Table2[[#This Row],[%]]>49%,"AVERAGE ATT")} -> REGULAR
A15: =A14+1 -> 14 | B15: Garima singh | C15: ='INDIVIDUAL ST DASHBOARD '!$C$11 -> 9 | D15: =COUNTIF(_xlfn.XLOOKUP(B15,'ATTENDANCE REGI'!B24:B68,'ATTENDANCE REGI'!C24:DR68,"NO DATA",0,1),"P") -> 5 | E15: =C15-D15 -> 4 | F15: =D15/(D15+E15) -> 0.55555556 | G15: {=_xlfn.IFS(Table2[[#This Row],[%]]>=75%,"REGULAR",Table2[[#This Row],[%]]<=49%,"IRREGULAR",75%>Table2[[#This Row],[%]]>49%,"AVERAGE ATT")} -> AVERAGE ATT
A16: =A15+1 -> 15 | B16: Gaurav Yadav | C16: ='INDIVIDUAL ST DASHBOARD '!$C$11 -> 9 | D16: =COUNTIF(_xlfn.XLOOKUP(B16,'ATTENDANCE REGI'!B25:B69,'ATTENDANCE REGI'!C25:DR69,"NO DATA",0,1),"P") -> 6 | E16: =C16-D16 -> 3 | F16: =D16/(D16+E16) -> 0.66666667 | G16: {=_xlfn.IFS(Table2[[#This Row],[%]]>=75%,"REGULAR",Table2[[#This Row],[%]]<=49%,"IRREGULAR",75%>Table2[[#This Row],[%]]>49%,"AVERAGE ATT")} -> AVERAGE ATT
A17: =A16+1 -> 16 | B17: Gauri Shukla | C17: ='INDIVIDUAL ST DASHBOARD '!$C$11 -> 9 | D17: =COUNTIF(_xlfn.XLOOKUP(B17,'ATTENDANCE REGI'!B26:B70,'ATTENDANCE REGI'!C26:DR70,"NO DATA",0,1),"P") -> 5 | E17: =C17-D17 -> 4 | F17: =D17/(D17+E17) -> 0.55555556 | G17: {=_xlfn.IFS(Table2[[#This Row],[%]]>=75%,"REGULAR",Table2[[#This Row],[%]]<=49%,"IRREGULAR",75%>Table2[[#This Row],[%]]>49%,"AVERAGE ATT")} -> AVERAGE ATT
A18: =A17+1 -> 17 | B18: Harsh Gond | C18: ='INDIVIDUAL ST DASHBOARD '!$C$11 -> 9 | D18: =COUNTIF(_xlfn.XLOOKUP(B18,'ATTENDANCE REGI'!B27:B71,'ATTENDANCE REGI'!C27:DR71,"NO DATA",0,1),"P") -> 3 | E18: =C18-D18 -> 6 | F18: =D18/(D18+E18) -> 0.33333333 | G18: {=_xlfn.IFS(Table2[[#This Row],[%]]>=75%,"REGULAR",Table2[[#This Row],[%]]<=49%,"IRREGULAR",75%>Table2[[#This Row],[%]]>49%,"AVERAGE ATT")} -> IRREGULAR
A19: =A18+1 -> 18 | B19: Harsh Pandey | C19: ='INDIVIDUAL ST DASHBOARD '!$C$11 -> 9 | D19: =COUNTIF(_xlfn.XLOOKUP(B19,'ATTENDANCE REGI'!B28:B72,'ATTENDANCE REGI'!C28:DR72,"NO DATA",0,1),"P") -> 2 | E19: =C19-D19 -> 7 | F19: =D19/(D19+E19) -> 0.22222222 | G19: {=_xlfn.IFS(Table2[[#This Row],[%]]>=75%,"REGULAR",Table2[[#This Row],[%]]<=49%,"IRREGULAR",75%>Table2[[#This Row],[%]]>49%,"AVERAGE ATT")} -> IRREGULAR
A20: =A19+1 -> 19 | B20: ILSA SHAKEEL | C20: ='INDIVIDUAL ST DASHBOARD '!$C$11 -> 9 | D20: =COUNTIF(_xlfn.XLOOKUP(B20,'ATTENDANCE REGI'!B29:B73,'ATTENDANCE REGI'!C29:DR73,"NO DATA",0,1),"P") -> 8 | E20: =C20-D20 -> 1 | F20: =D20/(D20+E20) -> 0.88888889 | G20: {=_xlfn.IFS(Table2[[#This Row],[%]]>=75%,"REGULAR",Table2[[#This Row],[%]]<=49%,"IRREGULAR",75%>Table2[[#This Row],[%]]>49%,"AVERAGE ATT")} -> REGULAR
... A46: =A45+1 -> 45 | B46: Vedant Gautam | C46: ='INDIVIDUAL ST DASHBOARD '!$C$11 -> 9 | D46: =COUNTIF(_xlfn.XLOOKUP(B46,'ATTENDANCE REGI'!B55:B99,'ATTENDANCE REGI'!C55:DR99,"NO DATA",0,1),"P") -> 1 | E46: =C46-D46 -> 8 | F46: =D46/(D46+E46) -> 0.11111111 | G46: {=_xlfn.IFS(Table2[[#This Row],[%]]>=75%,"REGULAR",Table2[[#This Row],[%]]<=49%,"IRREGULAR",75%>Table2[[#This Row],[%]]>49%,"AVERAGE ATT")} -> IRREGULAR

Sheet student dashboard
A1: Sl.No. | B1: ENROLLMENT NO | C1: STUDENT NAME
A2: 1 | B2: CSJMA20000508722 | C2: Abhay Awasthi
A3: =A2+1 -> 2 | B3: CSJMA21001448785 | C3: Abhay Mahto
A4: =A3+1 -> 3 | B4: CSJMA21001953553 | C4: Abhimanyu
A5: =A4+1 -> 4 | B5: CSJMA21001585144 | C5: Aditi Jaiswal
A6: =A5+1 -> 5 | B6: CSJMA22000578355 | C6: Aditya Mishra
A7: =A6+1 -> 6 | B7: Csjma20001302884 | C7: Akshay Kumar kanaujia
A8: =A7+1 -> 7 | B8: CSJMA25250156417 | C8: Aman Bajpai
A9: =A8+1 -> 8 | B9: CSJMA25000054249 | C9: Aman Kumar Yadav
A10: =A9+1 -> 9 | B10: CSJMA20001316755 | C10: Aman pratap
A11: =A10+1 -> 10 | B11: CSJMA20001302890 | C11: Aman singh chauhan
A12: =A11+1 -> 11 | B12: CSJMA21000699062 | C12: Anshika Bhadouria
A13: =A12+1 -> 12 | B13: CSJMA19000043863 | C13: Divyanshu Srivastava
A14: =A13+1 -> 13 | B14: CSJMA25250178899 | C14: Garima
... A46: =A45+1 -> 45 | B46: CSJMA21001945442 | C46: Vedant Gautam

Sheet INDIVIDUAL ST DASHBOARD 
B1: INDIVIDUAL STUDENT DASHBOARD
B5: STUDENT NAME:- | C5: Abhay Mahto
B8: ENROLL NO. | C8: =_xlfn.XLOOKUP(C5,'student dashboard'!C2:C46,'student dashboard'!B2:B46,"NO DATA",0,1) -> CSJMA21001448785
B11: TOTAL CLASS:- | C11: =SUM(COUNTIF('ATTENDANCE REGI'!C11:DR11,"A"),COUNTIF('ATTENDANCE REGI'!C11:DR11,"P")) -> 9
B12: TOTAL PRESENT:- | C12: =COUNTIF(_xlfn.XLOOKUP(C5,'ATTENDANCE REGI'!B11:B55,'ATTENDANCE REGI'!C11:AW55,"NO DATA",0,1),"P") -> 9
B13: TOTAL ABSENT :- | C13: =C11-C12 -> 0
B15: ATTENDANCE PERCENTAGE% | C15: =C12/(C12+C13) -> 1
B17: {=_xlfn.IFS(C15>=75%,"REGULAR AT ",C15<50%,"IRREGULAR AT",75>C15>50,"AVERAGE AT")} -> REGULAR AT
